{"cameraMode":{"drawMode":0,"name":"Shaded","section":"Shading Mode"},"sceneLighting":true,"audioPlay":false,"sceneViewState":{"showFog":true,"showMaterialUpdate":false,"showSkybox":true,"showFlares":true,"showImageEffects":true,"showParticleSystems":true},"in2DMode":false,"pivot":{"x":-6.495556354522705,"y":41.87738037109375,"z":35.812339782714847},"rotation":{"x":0.04408353567123413,"y":0.911692202091217,"z":-0.10162458568811417,"w":0.3957067131996155},"size":0.8660253882408142,"orthographic":false}