{"cameraMode":{"drawMode":0,"name":"Shaded","section":"Shading Mode"},"sceneLighting":false,"audioPlay":false,"sceneViewState":{"showFog":true,"showMaterialUpdate":false,"showSkybox":false,"showFlares":true,"showImageEffects":true,"showParticleSystems":true},"in2DMode":false,"pivot":{"x":7.272909641265869,"y":34.95802307128906,"z":31.339540481567384},"rotation":{"x":-0.08607297390699387,"y":-0.9166466593742371,"z":-0.29082760214805605,"w":0.26105281710624697},"size":1.9114938974380494,"orthographic":false}