{"cameraMode":{"drawMode":0,"name":"Shaded","section":"Shading Mode"},"sceneLighting":true,"audioPlay":false,"sceneViewState":{"showFog":true,"showMaterialUpdate":false,"showSkybox":true,"showFlares":true,"showImageEffects":true,"showParticleSystems":true},"in2DMode":false,"pivot":{"x":2.512059450149536,"y":2.4805381298065187,"z":22.982873916625978},"rotation":{"x":-0.11285849660634995,"y":-0.6989508867263794,"z":-0.11273101717233658,"w":0.6972496509552002},"size":0.5719702243804932,"orthographic":false}